relative_path,size_bytes,sha256
mods/AdvancementPlaques-1.21.1-fabric-1.6.8.jar,195505,dda6cc159edd450d05b9ff15832747b951dacd068c601018c219bca833ce5bef
mods/BadOptimizations-2.4.1-1.21.1.jar,283566,22e2467892d3706f43d1cf2aa637785bb8601c20b0098a82ab956e6a8fc4d2ba
mods/BetterF1-Fabric-1.1+1.21.7.jar,22834,abfb3f37f130ae4dea89e282f1d0fc0e9c4b2235762745931329defb9387bbdf
mods/BetterF3-11.0.3-Fabric-1.21.1.jar,1810710,e0e4bb25fbe23b16b7574474ee9fde5cdc9757d05885bc43978f4ea5e8e258ad
mods/BetterThirdPerson-Fabric-1.21-1.9.0.jar,52188,f9ec9dc6508b20d32a3c770ecc77641e8f87c98e298d58e2757a6ef14abbb457
mods/Carved Wood-fabric-1.21.1-1.9.7-B.jar,2891665,90b0784cd66b656343ec4b42c9e5562e92175f15ed91404a03a39e386a23847c
mods/CobbleDollars-fabric-2.0.0+Beta-5.1+1.21.1.jar,369528,5d8690980ecc79b5f33005dd274d148d0b9b7713ff5e8223c7011aa8bb08401a
mods/CobbleFurnies-fabric-1.2.jar,2337235,c1230a58ca2369b973bfade68a0ffcac86ffcbf9dd2a845999ed8c5348bfef93
mods/Cobblemon-fabric-1.7.3+1.21.1.jar,135801550,f7c25955176badc444ad6211fc556514fedbdba776227f105fe899f8819d74e3
mods/CobbleverseBadges-1.3.jar,137015,d215d075d4ae80a4ed5e20cb5caf442bb3f3607d2a41dc134ebad035f6a8da77
mods/Cobbreeding-fabric-2.2.2.jar,475560,6ef5d451535a5066ada4676d1782664f167cef9f0f7b8fcbc41471934a0a47db
mods/Controlling-fabric-1.21.1-19.0.5.jar,83679,c0150c5bfbc77f27b92f24a5a9c2edc462eba8c8f912635757c5deb3a0a93f8d
mods/Debugify-1.21.1+1.0.jar,292202,e61e83875190150337a2366d9374f04865654de7bdf83e6ab29d9915899f8d7a
mods/EuphoriaPatcher-1.9.3-r5.8.1-fabric.jar,4296552,b42bd00c7ab6e044d21f845dedc58a4524e45643f3685bf1c2343098e74d662e
mods/ForgeConfigAPIPort-v21.1.6-1.21.1-Fabric.jar,633065,2e3a8f0e3bda85a7d722720e7ce879cbd9d028d9395c6fc224d329b3c982d9b1
mods/Iceberg-1.21.1-fabric-1.3.2.jar,413302,9214790af6fb75c19ef6b95e0e47999addf018e8c7a1630a5118c4252e6d8d36
mods/ImmediatelyFast-Fabric-1.6.11+1.21.1.jar,336763,05a5f3c716ae631af3cc925c8144894368c632156f2d581dd8295cc223ea2f6d
mods/IronChests-2.0.4.jar,582972,1829b11371aa462bd3f5f7416fd5460fd2cd8642631921ae17bcd713a3476f54
mods/LegendaryMonuments-Cobbleverse.jar,5736792,34901d7c95bff58242384c44abc6acc50c2e06310b85f7e80bcd70f7c7e5b0b6
mods/Luckys-Cozyhome-Refurnished-1.1.20.jar,3121070,0915e3e54c12fe40622cab94005418d32cbde011fa9c2d7c27756eb7d5313a66
mods/LumyMon-0.6.6.jar,2331858,00ad0ddb4bbac26b6f1b83ad80255008be98ab72056d89de3eb9107b01d7eefb
mods/LumyREI-1.1.3.jar,66283,e6ac62bb3a858af78948397b0310efb281b911f4cda31392c989c9cdaf9ed4b1
mods/MobsBeGone-0.0.7.jar,9837,ad45c9c1bfe8c018d372f9fb6eb3e95507d6252b6cb4204478d04653d9634e98
mods/MoreCobblemonTweaks-fabric-1.3.3.jar,137626,8adee1d12c9dd86626e5472d6e1bbcb70b08ed62fea5bdd09db9180cc8411cae
mods/MouseTweaks-fabric-mc1.21-2.26.jar,75984,3e9fa4800fafef616fbf1545d62f5898f55c83fbd4126ce2b48b5e0077243fc0
mods/NoChatRestrictions-Fabric-MC1.21.11-v1.0.0.jar,9907,bc8b10f71e17822ca274936e487104e6572f60e8969b81bfe23f30fc11300a94
mods/Only Bottle Caps-1.3.0.jar,250451,f18d5ddfaa0a77d0ef68b9db470a41095522878e25b1cc2a5282e747c784f09d
mods/Ping-Wheel-1.12.2-fabric-1.21.1.jar,152703,9ba63ca5f33c86d0ce3aec2b04fafcc2fbcb8e705e46a7be20ff66382331c3e3
mods/Platform-fabric-1.21.1-1.3.3.jar,735744,52f49993d4440d266fa3a077090e8091983cd1bda5942f176ae75f3e9e350779
mods/ResourcePackOverrides-v21.1.0-1.21.1-Fabric.jar,80827,5db1e3d3f07947ceb893ccd823a7660f62f8f794e2bf9a5b721a3c3d32dcbc59
mods/RoughlyEnoughItems-16.0.799-fabric.jar,2451799,098c840780940010f2ba48cb758b77c1b991e69ab3fbec8725af099351653c9d
mods/SafePastures-1.1.1+1.21.1.jar,16518,41d1c286db3e02a3249346a5efda6f95799ab895aa40c03a87cdcd81a95e4b45
mods/ScalableLux-0.1.0.1+fabric.d0d58ab-all.jar,177266,f32ed8d825c7af90b14ab9f7bbe1293818bcf411fea104ae20d18ecde30f8387
mods/Searchables-fabric-1.21.1-1.0.2.jar,79531,0b58a40a41db4a4af4ef84475b0ea330be3b18fdcac2eca68ede46d9f4df3d76
mods/StackDeobfuscatorFabric-1.4.3+08e71cc.jar,321213,335627367b8212c17e58978866874ede8d0d9a159053fbb38e56123fff83d0f9
mods/VanillaBackport-fabric-1.21.1-1.1.7.10.jar,54994072,6aba8f56fd71b9b5b724812b22f14d11a71e9ca0bf7e84b52b4c8b91736e0734
mods/accessories-fabric-1.1.0-beta.53+1.21.1.jar,1095802,51e6f6d52cb2523199ad36e5bc04802230f86904c35ac3dbf36e59c86b2c30d1
mods/accessories_compat_layer-fabric-0.1.12+1.21.1.jar,398321,c77c281616618ee51bb4f9bced4708be6d1baa690b3e8564a68d04df9f080980
mods/advancementdisable-fabric-1.0.1+1.21.jar,430411,53e5c47d485b0a0dd417c2255523679a0b4bba059ae796cdab746112ad1440d6
mods/architectury-13.0.8-fabric.jar,600915,10cbbb6f5f96a2f1853b0cc68428424cec8903409517b299ff02350756b6399d
mods/athena-fabric-1.21.1-4.0.6.jar,88425,e17aad84c690ac4e46300a4180b3ae4077ffa4f526dbc82d117afbbff4ee83e4
mods/balm-fabric-1.21.1-21.0.63.jar,809717,4c3604961b74e9cbc91efb1a93daa2f4e55354a46afc93cb74f0de543fd86391
mods/beautify-2.0.0+1.21.1.jar,837607,134da1a8e3841f0a14004e839bd1e0a9d091cc5769a82b0052cebda2804ac4fd
mods/better-pokedex-scanner-1.0.0.jar,350293,aca37fa43fe9226cf99f75f194bf6cb9ec27d71dad1ae6c732d0791636231180
mods/betterbeds-fabric-1.4.0.jar,39918,d707f5df1c45150eb18b3135380519e74dd9103673a71032ef3de2b9038424aa
mods/biomereplacer-2.1-hippo-fabric.jar,138694,ec6eeda3d4d32d9740c3e6f24177db3fcfa06866f73e341c0ad4ea090d0055ac
mods/brb-1.10.0-rc5+1.21.jar,1213168,7ddc4761bf5ca59c34703d9586e6edaf6c7a7a3939ed7cdb6c103ab9fec6707b
mods/c2me-fabric-mc1.21.1-0.4.0-alpha.0.23.jar,3757044,6a77c69140f3da10e20b25ee8a75da039c5835b73f9c7a03615fbd968b574e5e
mods/capturexp-fabric-1.7.3-1.3.0.jar,22848,8f5ab9ce3ea2957f75033f3adc8a6195d303a96c3a8c1eebd1d5ee254bf88cf7
mods/catchindicator-fabric-1.7.0.jar,318477,bcebcfa5692f93de8d8aff33973510517a7434d48656c5ad167d33df841bc122
mods/catchrate-display-fabric-2.8.22.jar,260470,0a2c2ae61e6796a3b524556022c28dada75da73d6391613849cfd98230d91210
mods/cloth-config-15.0.140-fabric.jar,1157166,33894e95da3af59014b39d126586d5241e07ea39f8618763e30dab637405f95f
mods/cobblecuisine-2.0.1-1.7.rc1.jar,683115,081d9ba2ddaae3f9b3240c0b4d49b75c4f93ab2b6e9bbb7bb69a3bc05520e1d9
mods/cobblemon-additions-4.1.6.jar,1961229,c40eeee13943aa3b2ed532a25de5b55f5db4c76222e2a61c98d0bc35c028357d
mods/cobblemon-battle-extras-fabric-1.13.45.jar,1515972,099c3dafd5c7d29e8d91f954a9598565fdd07dac235bb9c49ab305d9af37f826
mods/cobblemon-battle-positions-1.1.3.jar,58572,d76bbd753763dde4a552d1a86b8bc6ceee9abcb00fa1bd29b6c2e389079437ed
mods/cobblemonraiddens-fabric-0.11.3+1.21.1.jar,2690197,0a09f8ae544412e2f0f599a38b033928ec0a553ad53506c10bca3db734877c7b
mods/cobblenav-fabric-2.3.3.jar,1090821,e66eb486f5cfbeef2215910193eba0000c191bbf774fa59f3e0b955ce13cae45
mods/comforts-fabric-9.0.5+1.21.1.jar,914494,73ff17028967a2e30731ea79aee2e18dd8e2d59a5dcd075facd6491cae1b2231
mods/configurable-3.5.2+1.21.1-fabric.jar,545247,70f7728d67ff8c420a53ef3c08ec73732517882317ab20a084b273773aa1e5e2
mods/continuity-3.0.0+1.21.jar,1014044,99fd46b834874d167ea2349a9a72947cbfa7192f927aa99bbeb4b0637aa208d4
mods/customsplashscreen-2.2.0.jar,660554,142aacb23fc97e467ded7e279a72b00252018c43d12d803d928d07d4fe8d8678
mods/defaultoptions-fabric-1.21.1-21.1.7.jar,105044,8fff8fad699028a6578c61df3d1690d6fb5abbdc9a7c436e94cc9f51138be790
mods/entity_model_features-3.2.4-1.21-fabric.jar,565280,3c3f800b4bf911a158435c36dac0cf4176bec36d837c0696fdfae39d7ec5f976
mods/entity_texture_features_1.21-fabric-7.1.jar,745421,d1b54ad6fd34eaf7187fb62556f2c5cacdc2ea3023a6217e3b2d823285aea148
mods/entityculling-fabric-1.10.5-mc1.21.1.jar,1595131,cfb5491f5ed9609784cf3d6a926bef046ca80cb74c7856e6134335d7d0ce839e
mods/fabric-api-0.116.14+1.21.1.jar,2451978,333f15bceb117a0ac41e3396eac9873fa6c325c31e746d679809f9a7a0228196
mods/fabric-language-kotlin-1.13.13+kotlin.2.4.10.jar,8076363,34ccdacf13bb9351fe43ce61912c2e09b72364e43e787d36ba3d2d04dec75a52
mods/fancymenu_fabric_3.9.8_MC_1.21.1.jar,25757227,19e5faf15a769ba4841815fb2320f1efc9f97ddffbc24c95299b6480b50af201
mods/ferritecore-7.0.3-fabric.jar,123450,98c3ab1d5aab8f14b5d082d3f1a467727fd335f02d124555c94339761c4c18f2
mods/fightorflight-fabric-0.10.9.jar,1424525,7eee034d17281b43324cbdcc41a3836b6c44a93798d40a608538ed12a72279c1
mods/forgivingvoid-fabric-1.21.1-21.1.7.jar,78531,ee45266cc7c10b0a17d9a87b021a57fb8616529e4c33af0fff5a506de71960b1
mods/fusion-1.2.12-fabric-mc1.21.jar,515411,904b53bd8e0aacf200c700997c7467bc0c66cca1fb4a17c9999afb8eb62942e8
mods/fzzy_config-0.7.6+1.21.jar,2365335,323dc065cc3aaeb7f908be7e5d31070a25d4188b433ed770a79700ef8f5e8f7d
mods/geckolib-fabric-1.21.1-4.9.2.jar,660416,eac4cf55e1cb99b22cb91ea87c774d2a670c1711a80f4aff50e6ad56b6c58e7e
mods/globalpacks-fabric-1.21.1-21.0.6.jar,394707,391d960afb1d8f0b63ccfb677970512d68642102b6928a4830ebcd6d3fdba2cc
mods/handcrafted-fabric-1.21.1-4.0.3.jar,7127377,9609c27e2eeaed4c633ade2d68ad980cfbed0442a10239846a67e9c62bc1b230
mods/highlight-fabric-1.21-3.0.0.jar,457352,08932afc913f74e9676b9a59a87bdf817d959cf6d861a9269897778240f11df2
mods/huge-structure-blocks-fabric-1.1.6.jar,100230,759071bd7b1db4367f232db35872ce6a30e8adee57a8543d0967d0b39b37819d
mods/infinite-music-0.4.6.jar,45913,f90123fa679e170163f976819c851fc4bd6840d19cf95dde3ff8fe3682eed343
mods/interactic-0.2.3+1.21.jar,118011,fad6a5321f0a69c70dcbe62c631166b6549b1d9656929c011e6c1d57b1dea0da
mods/iris-fabric-1.8.14-beta.1+mc1.21.1.jar,2791343,0ceb694040b4628bf3fa02286cfe5f0db833195669ab07f8caa4001359763eff
mods/konkrete_fabric_1.9.9_MC_1.21.jar,786695,06e912f99d59bf81c0676f1db936150ad4443d5674f59b3c55604540ba620841
mods/krypton-0.2.8.jar,161045,94f195819b24e5da64effdc9da15cdd84836cc75e8ff0fd098bab6bc2f49e3fe
mods/lenientdeath-1.2.5+1.21.1.jar,920915,117175de6d7a8cc9cf36d48fd55a8460183dd30f4d25c0e7230ba8fe470f79b4
mods/libjf-3.17.5.jar,1282450,93789892f45d03bec95894ab644f9f909868e84f1a0755a61bdf22ae378629f5
mods/lithium-fabric-0.15.4+mc1.21.1.jar,797454,92329d98c57f5a22091a0adb509fdb1d60113a5602c708b799b13134bad13baa
mods/mega_showdown-fabric-1.8.4+1.7.3+1.21.1.jar,17213370,0cf4568128805816a8d6f3cbab08374b2e0261784c3d6e8c091c602f79bebf51
mods/melody_fabric_1.0.10_MC_1.21.jar,188035,223ab859b9cc246d8d6e5cec5e734f97be3aac545de6cda7743750262428ed83
mods/midnightlib-1.7.5-fabric+1.21.1.jar,62853,b75155a638d15df61922bb635e2c5aae6102897ccaa1e226060a7f5ff4218091
mods/moar-concrete-1.3.1.jar,777538,0e6e7b95b55ca13a50233743ba008a5285f4abf4cca7642bda40b27145f4f43f
mods/modernfix-fabric-5.25.1+mc1.21.1.jar,471258,3ce5a9ce75066961b7fa5382692bb1387cc3536cc984b064ab7d70b97f3c674c
mods/modmenu-11.0.4.jar,973059,a88e0d67c82b0434cbf56776c482587c275ed660f635d33f53ba485dfa30dcc3
mods/moreculling-fabric-1.21.1-1.0.8.jar,332100,19c7e65794511ab21eed63cab9e2efbf43a29fd2ea20234b23f92cb71c6a2aa2
mods/musicnotification-fabric-3.0.0+mc1.21.1.jar,139713,747b2527aa373a76e9d378ad1059369400c66fb50fb3ab22a409ac6d8154a614
mods/neruina-3.3.3+1.21.1-fabric.jar,860092,a3a49320128920256b43857e5254e5cd2a481417da61d0999a249aceb6125b20
mods/nethermap-4.0.0-1.21.1.jar,21464,5d5243434984d64c904d21397530f2c7817105ca091bf409aa23f3842b9f3634
mods/netherportalfix-fabric-1.21.1-21.1.3.jar,213294,c6589e3a95ee6dbced2442682caeec53789999bc6a2883f9919e039b1bee98c6
mods/notenoughanimations-fabric-1.12.4-mc1.21.1.jar,1948132,12e3bded47f6669030edf57b615e77de8d080f38d0313dd892c6d18833fc39fd
mods/notenoughcrashes-fabric-4.4.9+1.21.1.jar,601087,1a3a0ec9e7bb60f9c15938ca4287beaf5e49e81183ac273d1a02d734aa327a74
mods/owo-lib-0.12.15.4+1.21.jar,1183559,825180ce17bc012fb450653b14df9f32479dcdd073fc3f133bb47462f5a63cec
mods/packetfixer-3.3.1-1.20.5-1.21.X-merged.jar,46623,2979a8a3f44e5d5df4f9f6315d18c220f3debf736bb8a2c2740acdfb13bd820f
mods/paginatedadvancements-2.5.1.jar,71859,776d8006401781bc036199acc9ba80f7dce6c3bcebbbfa260a774add750c4d2d
mods/particle_core-0.3.3+1.21.jar,147812,e7cfef3eb16d5b73c00915a5f2b820d66555c23d13e0636125d7b07384a443e4
mods/particlerain-4.0.0-beta.10+1.21.1-fabric.jar,608651,49bf60c5b95ea954efa51c63609f0a4668230e12f870f0eb6bdb63d207a22dc8
mods/particular-1.21.1-Fabric-1.5.5.jar,285813,47d724637888227d18e4bc49a11f67b50f0e39d21f4d494cf92215be96f8873c
mods/pastureLoot-1.0.5+1.21.1.jar,45871,48a705eb70a3f129d64af565ff79cfe164d0e59fe2bbc20a903024d0cc844b8f
mods/playerxp-fabric-1.0.9+1.21.1.jar,10818,22133f464ea4442b481d0bc814ab928b0473890a86bf36fa90884ed660e3edf9
mods/pokeblocks-1.4.0-1.21.1.jar,1606467,c113f9e61a7bef35c3bacc57651a7508f3f07c20218b51eade31766899f1176d
mods/rctapi-fabric-1.21.1-0.15.2-beta.jar,234250,e5bd96b1b74aad41588acc078e7385ca72f66a862aae47adda3d55b44c1d5ba8
mods/rctmod-fabric-1.21.1-0.18.1-beta.jar,6757956,92951d3be475a0433f8ef508439730723e2e901dd1e3b2509c29205031d4eb51
mods/rechiseled-1.2.4-fabric-mc1.21.jar,11913849,621eb411d88470508a1f1ad6797e569510ca8a63e650728e615b8a65c377b773
mods/reeses-sodium-options-fabric-2.2.3+mc1.21.1.jar,259211,6f5a2964656552da24e015b6f6e03d4baac8cfed919978785e94920f3fd0f568
mods/repurposed_structures-7.5.21+1.21.1-fabric.jar,8202318,c3a6ab373dce927c57ce79d14c1ebc9ef4f49d58abcaf9e4caa89a38aab08b8c
mods/resourcefullib-fabric-1.21-3.0.12.jar,485586,93064c5aff85bf5e6385470f311fd1c7de172f58b02fefb1d2920db76f8cd8b5
mods/respackopts-4.14.0+1.21.1.4.jar,557358,8c38228c14841a01034e6371fada5754754a0abf13de843eea1e1d41dc8257f3
mods/sodium-fabric-0.8.12+mc1.21.1.jar,1573180,9ad11a616d1ca759867de8a5bbafcde5ab50b68dbd674110c7b90aeea251b793
mods/sophisticatedbackpacks-1.21.1-3.23.4.3.106.jar,988478,2c099bfd5dc02ace6e73ffd9259940b0597cd4da7216a53a2c60c6732900d6aa
mods/sophisticatedcore-1.21.1-1.2.9.21.168.jar,2996065,3c71a04d5b03cdf9d9fe50e71849fdf11291dd1fab149621e35688ef6e516054
mods/sophisticatedstorage-1.21.1-1.3.7.9.139.jar,1670672,0dbaf1ff069c33a8c4738518d983d1cab0cdca6871a6c7b7dc5727c531eca215
mods/sound-physics-remastered-fabric-1.21.1-1.5.1.jar,205671,8884ded0f53f97a6cb2fca9ef035947af8c3376a406e0bdaa8309bfe87801799
mods/soundsbegone-fabric-1.5.2+mc1.21.jar,6151935,88a0dd266a5639e89c33c9320685c57d482641738f9bc5b6e6800c3c34b80b32
mods/supermartijn642configlib-1.1.8-fabric-mc1.21.jar,206993,63a29f2acf4be2c5ca89a81a046c1100111ad2865d9638f638e27ca161e7211c
mods/supermartijn642corelib-1.1.21-fabric-mc1.21.jar,616830,462756caa1efeff760a752a29136d59d40c5ad6047603472785f65a44d1da6e3
mods/timcore-fabric-1.7.3-1.32.0.jar,304444,8daaf896de6bc2ee0c097ff24659d248d800a31d7a8373c93a9790d2afb48d1d
mods/tmcraft-1.4.18+1.7.3.jar,3360417,4f98cd4a19750878bc41e940ff6c0abb759f3b861487a0830d5823b499fe5529
mods/toms_storage_fabric-1.21-2.3.0.jar,1962781,fad39f7ed0ac20ab0345aeb7dbe1be0b2732fa11fd333b6874629e925c45d5d1
mods/tooltipfix-1.1.1-1.20.jar,12432,50c6c45d16c62b0d9a832692b7f6250d5561f0b28bf7729d8ab25fe1162c90d2
mods/trinkets-3.10.0.jar,272944,349fd2aa8930b232050ee5304db55e4ef738b017971afe7c84acd589a95fda2f
mods/villagerconfig-fabric-4.5.4+1.21.1.jar,355303,627483b71a24679d51321c618fa6c8abe8df64cf770b001b319412677adab49b
mods/waystones-fabric-1.21.1-21.1.37.jar,1226801,1cef833ec178bc6ea92a221b8a75bc6637e9e4d38d23f3963610fd772f1b2f95
mods/xaerominimap-fabric-1.21.1-26.4.2.jar,2233608,85342f8f7c098e98f2f200fbba308a243af1204cb1afd7668360420e635aa2f8
mods/xaeroworldmap-fabric-1.21.1-1.44.2.jar,1448218,cd6109af335ad83af9e97cdae5c25023112349e2dc4df95a97640022f38b3856
mods/yet_another_config_lib_v3-3.8.2+1.21.1-fabric.jar,1131265,6ab420b7d1326fc9851b96a8967504bd644da421ed6438ceb9a9d9c993a408b1
mods/zamega-fabric-1.7.3.jar,2387420,0d134591a9db9834f5f2bffdce4bd4cd0976a1b7879aa7f52ce064c38199cfaa
mods/zfastnoise-1.0.13+1.21.jar,38857,da1b8702dfbdbea125aca0c0b1b3da5f8c3eb483977dff6482f32178fd007684
mods/zoomify-2.15.2+1.21.1.jar,872937,6c317987df28922e227ab3ac4e39090460d99b965bcb9c8da8f9a4493b705d00
datapacks/COBBLEVERSE - No Ender Dragon.zip,9062,f5cdae688e55951f36f22a4b13ec73f33da1ebb1368f55335d8b9d2cca8190af
datapacks/COBBLEVERSE - No Hunger.zip,8925,06de5f7ad7bd863cd6920334372053468a45c831eedb5b7991ac7a732efc6e8d
datapacks/COBBLEVERSE-DP-v31.zip,4626446,24344c64d49cad1e4743276472f5598ed32d1c002f5ebb881b9e0cf7bc1a77c6
datapacks/COBBLEVERSE-Loot-DP-v11.zip,147472,68b07910f68d032cb12902115938c321c326819d85d60cc64c9f42e08be11e99
datapacks/COBBLEVERSE-RCT-DP-v20.zip,370553,54f0e8c1b061554bfba3de86dbcd9a6b39da4e8293e2b5141faa4254dc7ae400
datapacks/PokeCenterPCs-DP.zip,386543,e462e091ef376595c5b0efab2615fe0463b93b4c54e462cc841749a90ecefe31
datapacks/extra/COBBLEVERSE-Hoenn-DP.zip,1338585,68a1d6f49353eb75d970aaef03dbdba8eafe163d2259d45313c2430f8497817b
datapacks/extra/COBBLEVERSE-Johto-DP.zip,746704,6ec080be3acd58bdc48740da122efcb21a639d839e6607d656cdb3192397d45a
datapacks/extra/COBBLEVERSE-Sinnoh-DP.zip,1562135,b2e93ad20f27e96af87f589b8a9653c2f8ce7ed661adf412ba002d0ffec6cc32
datapacks/extra/Terralith-DP.zip,3112105,d0f5b0f88152d494cb51c6c06f2b5e52617df9860b2f383d00c85338d81ab164
resourcepacks/ATMxMSD RP.zip,4301923,6d48b79206817ff0b1e406833e52062ba3860e5a2b0929d32708c37d1e04cc5d
resourcepacks/COBBLEVERSE RCTmod RP.zip,5214902,2cec17def69ce520b07fab67eea8c51a94a410a981d50ca4673e463453530e7b
resourcepacks/COBBLEVERSE RP.zip,2020859,1282276ef83138bd674d4f48b8e160b12c195e4adfa840fc04d6abc134473612
resourcepacks/COBBLEVERSE Soundtrack.zip,179498515,20da91164e6f1881e6141a2a294589e14e271de3e97859270ff6095cef738068
resourcepacks/Canon PC Wallpapers.zip,1423022,c20da2ec31a91c3a961ba0b6fd771a405b7197001af592d5955750568d017d2c
resourcepacks/CavsCobbleMons RP.zip,194006,e788c3925962b96decd9a6efeb54168a096ae10c9fe6cfacabc4f6ad481e4552
resourcepacks/Classic Grass.zip,7418,4386b800db3f7710c23f5ead9c911c9f265831a02e74c704f7cc29fcd9070880
resourcepacks/CobbleMotion RP.zip,2754045,eadcbd35fbbf2416f9a365c2257f2aad98b11e4c8579a9c13856928031ead596
resourcepacks/Cobblemon Interface Modded.zip,1053517,3175cde27f4528eb7c2dc6a53b9952d937e0d1ead2b2f0fdbf1809075e9eb7eb
resourcepacks/Cobblemon Interface.zip,14108266,eb40bd047c2e1443c43731e4d1ef1b9d7d0624476336f540b52a3e8fcb9eb315
resourcepacks/Comforts Modernized.zip,72956,b3050d84c0be41dae853e550c07acb1f768880c41472b44d701c03e9b1bc4734
resourcepacks/E19 Cobblemon Minimap Icons.zip,10674276,baf24f1f375e6f1a40507ed21e5118e704f3d9fba97d5a9bec77ff76f8481fe1
resourcepacks/EeveelutionsReimagined RP.zip,315069,0280c5f64b617705ed4d49a915f1106babcd985932e70b5f0c988cc371da62bc
resourcepacks/Emissive Cobblemon Ores.zip,803304,1dfdfb226712ef47e28917642711972837af5c5e706e7ca6be0c8298a5b0bcd4
resourcepacks/Fresh Animations.zip,850941,8e44b29560d2e7d952c0a4f77f0451e6dcb048f827189bffc712b446be8de7f2
resourcepacks/Fresh Icons.zip,852471,6a77950346e51262adfa266a7d52acb0b35798528f4ccf73f518d1c69fc729d8
resourcepacks/Fresh Moves.zip,321871,c433f3d831e86faa956836bf327ca00151bd813d1a8ab36aa064d518a58790f7
resourcepacks/FullyHisuianStarters RP.zip,202557,a12cbdd26881621404bce13b7ce022aa18872067bdfefaa80d8d1c22bd6fc4b0
resourcepacks/GlitchDex RP.zip,196701,45141851744fb63075f58bcfd8671e9f53d36bcc2c8300b56686b7e7cfd133cf
resourcepacks/HydroReanimodel RP.zip,1221200,ca23de73a73f6b683976d9486afcf0ab6a4dc9b2d04bc27456978cc147967d55
resourcepacks/JigglyRadio.zip,124240613,b766be373fa546f0671e064263f78710943b2ec8a341fe1e2c41075d11b86700
resourcepacks/LackingMons RP.zip,51067,6e7a9a07464b01c4f748e38dfe735e09ee4874cc82898e09af8b1d8397dac1a9
resourcepacks/Low Fire.zip,42116,a761f00a176be2b09ac128e5b9eea9f70c742017ded12fb29b3583d70463193b
resourcepacks/MissingMons RP.zip,201678,22c45bddec83e9ea3e542e9fc43dce6bceb78f85bd76bb868a37383e3d2bd60c
resourcepacks/MundialMons RP.zip,1041048,53593c95fd73a7261b429bbb391b181c17053024a752cb1590137c296f04bd03
resourcepacks/MysticMons RP.zip,59975,0b17dd02a43bbe509ecfc3c5c9acd0ffad9e72f80f83b341b42fe9042d15d5b4
resourcepacks/OJsAnimations RP.zip,88853,0772eab3fb332cb62b052a1f84451d562bde847ddd87a7a3ca874d2ef36a2512
resourcepacks/Original Pokemon Battle Music.zip,93138424,73dbf078974cd81e5356f98d0b57b5b88c1dfed9aebbbddbfbcf8a3bc3600bb8
resourcepacks/PlanetaCobblemon RP.zip,138557,139d3060983eead8e91a166d97fcc690b39f8ae5480edc20282b401aeccd0f55
resourcepacks/PokeDiscs.zip,24912925,f90d7b3a1c5885a5c48aac3820d57033cd628e720bd9bc90481efe2ed01165d3
resourcepacks/PokeRods3D.zip,167546,c93e9c866658bb752976c44414ca0e04fa90246060f114a183599abe1de4ca9e
resourcepacks/Pokemans RP.zip,562340,d0c0268051da4ac0c2a47af803e179ec221e222dd680f4a041e97c2dac5d411b
resourcepacks/TDmon RP.zip,227765,910e64ffb24126578d4a55ce5f015cc761912368f7c260b091ca4e07884a1e57
resourcepacks/z DO NOT ENABLE z [ATM x MSD - Credits Only].zip,6126613,71b97411052ad0139e53c1af316e60902b319cc77f84356692f2d94c3743d4ea
resourcepacks/z DO NOT ENABLE z [CavsCobbleMons - Credits Only].zip,427986,3bd0353ee40b50d14b2f38e7adf295bff87e6e1becad958db61b650e6af15b36
resourcepacks/z DO NOT ENABLE z [CobbleMotion - Credits Only].zip,3148542,7f946f4cf764fa805e4f6773136a178cd7d64aafcbcc3df9454b986c22044d0c
resourcepacks/z DO NOT ENABLE z [E19 Minimap Icons - Credits Only].zip,19398814,8732ecb1ee0b8cceda4ad973ffcf53e0c6689f503652320107d2569c0cd7f9ba
resourcepacks/z DO NOT ENABLE z [GlitchDex - Credits Only].zip,322813,f7dc00ccc2015b70ec07d256f790c241f95b62072f672808a029417815b4aab9
resourcepacks/z DO NOT ENABLE z [Hydro Reanimodel - Credits Only].zip,2759214,98e7a31609261a029e27de51a3927085b3a79519247c5703c7c6b3d7e2393a3f
resourcepacks/z DO NOT ENABLE z [LackingMons - Credits Only].zip,5998516,5aedbb9148dd35363ba738ac137811466aaa1f0d5cabfbd9e0e333cf3cd2b91c
resourcepacks/z DO NOT ENABLE z [MissingMons - Credits Only].zip,1271067,f101ec795ce2739e705e4aa8f00cde47ccdea103135d12425177afff27230db3
resourcepacks/z DO NOT ENABLE z [MundialMons - Credits Only].zip,1535880,4b6780b1a794dffc52367709dbde51d0e9e96ff399cac37d3e75f5f153a630a0
resourcepacks/z DO NOT ENABLE z [MysticMons - Credits Only].zip,1268389,9e3749f431fbffa6a0fc95d878a166aec15b9aa9066ce88de2419ec9c8232102
resourcepacks/z DO NOT ENABLE z [PlanetaCobblemon - Credits Only].zip,317141,99150e132fc74d78d1e6f58f9593eb677933155e9b56230e7728fcb355d912b1
resourcepacks/z DO NOT ENABLE z [Pokemans - Credits Only].zip,3826705,af241edd5e6e5eb6eef2a3adf14eedb37482a79cbe5666169e44b31870e5e43f
resourcepacks/z DO NOT ENABLE z [TDmon - Credits Only].zip,458809,f27d6f288ed40ef1cde60901554fc0b952c0d6854940714a790a79f66c0cfcfd
resourcepacks/z DO NOT ENABLE z [Terralith - Credits Only].zip,3112105,d0f5b0f88152d494cb51c6c06f2b5e52617df9860b2f383d00c85338d81ab164
shaderpacks/ComplementaryUnbound_r5.8.1.zip,546928,bb89b1fc54687d4147a837fb2e3c3f7261a13bee51819761e9b6a91cb7915965
